INSERT INTO COURSE(code,name,credits) VALUES("02GOLOV","Architetture dei sistemi di elaborazione",12);
INSERT INTO COURSE(code,name,credits) VALUES("02LSEOV","Computer architectures",12);
INSERT INTO COURSE(code,name,credits) VALUES("01SQJOV","Data Science and Database Technology",8);
INSERT INTO COURSE(code,name,credits) VALUES("01SQMOV","Data Science e Tecnologie per le Basi di Dati",8);
INSERT INTO COURSE(code,name,credits) VALUES("01SQLOV","Database systems",8);
INSERT INTO COURSE(code,name,credits,maxStudents) VALUES("01OTWOV","Computer network technologies and services",6,3);
INSERT INTO COURSE(code,name,credits,maxStudents) VALUES("02KPNOV","Tecnologie e servizi di rete",6,3);
INSERT INTO COURSE(code,name,credits) VALUES("01TYMOV","Information systems security services",12);
INSERT INTO COURSE(code,name,credits) VALUES("01UDUOV","Sicurezza dei sistemi informativi",12);
INSERT INTO COURSE(code,name,credits,preparatoryCourse) VALUES("05BIDOV","Ingegneria del software",6,"02GOLOV");
INSERT INTO COURSE(code,name,credits,preparatoryCourse) VALUES("04GSPOV","Software engineering",6,"02LSEOV");
INSERT INTO COURSE(code,name,credits) VALUES("01UDFOV","Applicazioni Web I",6);
INSERT INTO COURSE(code,name,credits,maxStudents) VALUES("01TXYOV","Web Applications I",6,3);
INSERT INTO COURSE(code,name,credits,preparatoryCourse) VALUES("01TXSOV","Web Applications II",6,"01TXYOV");
INSERT INTO COURSE(code,name,credits) VALUES("02GRSOV","Programmazione di sistema",6);
INSERT INTO COURSE(code,name,credits,maxStudents) VALUES("01NYHOV","System and device programming",6,3);
INSERT INTO COURSE(code,name,credits) VALUES("01SQOOV","Reti Locali e Data Center",6);
INSERT INTO COURSE(code,name,credits) VALUES("01TYDOV","Software networking",7);
INSERT INTO COURSE(code,name,credits) VALUES("03UEWOV","Challenge",5);
INSERT INTO COURSE(code,name,credits) VALUES("01URROV","Computational intelligence",6);
INSERT INTO COURSE(code,name,credits) VALUES("01OUZPD","Model based software design",4);
INSERT INTO COURSE(code,name,credits,maxStudents) VALUES("01URSPD","Internet Video Streaming",6,2);

INSERT INTO INCOMPATIBLE_COURSES(courseCode,incompatibleCode) VALUES ("02GOLOV","02LSEOV");
INSERT INTO INCOMPATIBLE_COURSES(courseCode,incompatibleCode) VALUES ("02LSEOV","02GOLOV");
INSERT INTO INCOMPATIBLE_COURSES(courseCode,incompatibleCode) VALUES ("01SQJOV","01SQMOV");
INSERT INTO INCOMPATIBLE_COURSES(courseCode,incompatibleCode) VALUES ("01SQJOV","01SQLOV");
INSERT INTO INCOMPATIBLE_COURSES(courseCode,incompatibleCode) VALUES ("01SQMOV","01SQJOV");
INSERT INTO INCOMPATIBLE_COURSES(courseCode,incompatibleCode) VALUES ("01SQMOV","01SQLOV");
INSERT INTO INCOMPATIBLE_COURSES(courseCode,incompatibleCode) VALUES ("01SQLOV","01SQJOV");
INSERT INTO INCOMPATIBLE_COURSES(courseCode,incompatibleCode) VALUES ("01SQLOV","01SQMOV");
INSERT INTO INCOMPATIBLE_COURSES(courseCode,incompatibleCode) VALUES ("01OTWOV","02KPNOV");
INSERT INTO INCOMPATIBLE_COURSES(courseCode,incompatibleCode) VALUES ("02KPNOV","01OTWOV");
INSERT INTO INCOMPATIBLE_COURSES(courseCode,incompatibleCode) VALUES ("01TYMOV","01UDUOV");
INSERT INTO INCOMPATIBLE_COURSES(courseCode,incompatibleCode) VALUES ("01UDUOV","01TYMOV");
INSERT INTO INCOMPATIBLE_COURSES(courseCode,incompatibleCode) VALUES ("05BIDOV","04GSPOV");
INSERT INTO INCOMPATIBLE_COURSES(courseCode,incompatibleCode) VALUES ("04GSPOV","05BIDOV");
INSERT INTO INCOMPATIBLE_COURSES(courseCode,incompatibleCode) VALUES ("01UDFOV","01TXYOV");
INSERT INTO INCOMPATIBLE_COURSES(courseCode,incompatibleCode) VALUES ("01TXYOV","01UDFOV");
INSERT INTO INCOMPATIBLE_COURSES(courseCode,incompatibleCode) VALUES ("02GRSOV","01NYHOV");
INSERT INTO INCOMPATIBLE_COURSES(courseCode,incompatibleCode) VALUES ("01NYHOV","02GRSOV");

INSERT INTO STUDENT(name,surname,workload) VALUES ("Giuseppe","Fanuli","full-time");
INSERT INTO STUDENT(name,surname,workload) VALUES ("Mario","Rossi","full-time");
INSERT INTO STUDENT(name,surname,workload) VALUES ("Luca","Neri","part-time");
INSERT INTO STUDENT(name,surname,workload) VALUES ("Alessandro","Del Piero","part-time");
INSERT INTO STUDENT(name,surname,workload) VALUES ("Francesco","Totti","full-time");

INSERT INTO ENROLLED_STUDENTS(studentID,courseID) VALUES (1,"01TXYOV");
INSERT INTO ENROLLED_STUDENTS(studentID,courseID) VALUES (1,"01SQOOV");
INSERT INTO ENROLLED_STUDENTS(studentID,courseID) VALUES (1,"04GSPOV");
INSERT INTO ENROLLED_STUDENTS(studentID,courseID) VALUES (2,"01TXYOV");
INSERT INTO ENROLLED_STUDENTS(studentID,courseID) VALUES (3,"01TXYOV");
INSERT INTO ENROLLED_STUDENTS(studentID,courseID) VALUES (2,"01URSPD");
INSERT INTO ENROLLED_STUDENTS(studentID,courseID) VALUES (4,"01URSPD");
INSERT INTO ENROLLED_STUDENTS(studentID,courseID) VALUES (5,"01OUZPD");
INSERT INTO ENROLLED_STUDENTS(studentID,courseID) VALUES (5,"01UDUOV");
INSERT INTO ENROLLED_STUDENTS(studentID,courseID) VALUES (3,"01OUZPD");
